,Total offline stores today | 08 Apr 2020:,145
,,
no,store,ip
1,CHINGFORD,10.27.0.229
10,MERRION CENTRE,10.19.0.229
14,BEVERLEY,10.19.15.229
21,ST HELENS,10.27.15.229
24,BILSTON,10.27.25.229
25,INCE,10.27.30.229
29,ROTHERHAM CATCLIFFE,10.20.110.229
31,GAINSBOROUGH,10.19.50.229
33,DEWSBURY ROAD,10.19.55.229
34,WAKEFIELD RIDINGS,10.19.60.229
39,ROTHERHAM BRAMLEY,10.19.65.229
42,HECKMONDWIKE,10.12.70.229
45,BOLTON,10.11.5.229
50,STOKE,10.27.75.229
53,ROCHDALE,10.11.10.229
56,SKIPTON,10.12.115.229
57,OLDHAM,10.28.0.229
60,CHORLEY,10.28.10.229
62,LINCOLN,10.20.25.229
69,BINLEY,10.12.130.229
72,ECCLESFIELD,10.11.20.229
74,MORECAMBE,10.28.40.229
75,CLEETHORPES,10.20.40.229
77,WINSFORD,10.28.45.229
78,DERBY,10.20.50.229
79,HUDDERSFIELD,10.12.135.229
81,IPSWICH,10.20.80.229
83,PINCHBECK,10.19.85.229
84,BRISTOL CRIBBS,10.27.105.229
85,GRAYS,10.20.85.229
88,JARROW,10.11.85.229
92,ENFIELD,10.19.110.229
94,BARROW,10.27.100.229
100,NORTHAMPTON VICTORIA PROMENADE,10.11.15.229
109,HULL HOLDERNESSRD,10.11.95.229
110,WETHERBY,10.12.40.229
117,KILMARNOCK,10.28.100.229
123,DONCASTER,10.20.65.229
129,RHYL,10.27.85.229
130,SWANSEA,10.28.110.229
131,CHESTER,10.27.110.229
134,SOUTHPORT,10.27.115.229
145,DUNDEE,10.241.64.229
146,WEST DENTON,10.240.116.229
153,WEDNESBURY,10.240.58.229
157,CARDIFF BAY,10.28.240.229
158,CROWBOROUGH,10.27.238.229
160,ABERDEEN,10.240.26.229
161,AIRDRIE,10.11.190.229
163,ALNESS,10.241.30.229
175,MOREDUN,10.241.16.229
184,GLENROTHES,10.27.186.229
188,INVERNESS,10.11.206.229
189,INVERURIE,10.241.34.229
195,ST ANDREWS,10.27.180.229
196,STEVENSTON,10.20.236.229
206,COWGATE,10.28.135.229
207,WHITLEY BAY,10.28.150.229
213,ORMSKIRK,10.27.130.229
217,SWINTON,10.28.204.229
218,THORNTON CLEVELEYS,10.27.178.229
220,WEST KIRBY,10.240.28.229
221,WHITEHAVEN,10.20.140.229
224,BRIDLINGTON,10.27.165.229
228,SELBY,10.28.145.229
231,BELPER,10.27.174.229
243,BURNTWOOD,10.28.222.229
251,LEEK,10.20.196.229
252,LEOMINSTER,10.27.150.229
259,RUBERY,10.240.66.229
260,RUGELEY,10.28.180.229
262,STONE,10.28.190.229
264,WALSALL (LICHFIELD STREET),10.27.212.229
272,DENBIGH,10.20.206.229
275,BECCLES,10.28.192.229
281,SOUTHEND (EASTWOOD),10.240.98.229
285,HARWICH,10.28.176.229
291,AYLESBURY,10.240.10.229
299,HATCH END,10.241.20.229
300,HIGH WYCOMBE,10.27.140.229
301,LEIGHTON BUZZARD,10.28.170.229
304,HOLLOWAY,10.28.228.229
305,PALMERS GREEN,10.27.228.229
306,PECKHAM,10.240.56.229
311,THAMESMEAD,10.27.176.229
316,SIDCUP,10.11.192.229
317,ST ALBANS,10.241.6.229
318,SUTTON,10.240.54.229
319,WELWYN GARDEN CITY,10.20.135.229
324,FISHPONDS,10.241.36.229
325,BUDE,10.27.220.229
326,UP HATHERLEY,10.27.200.229
328,LISKEARD,10.240.62.229
329,NEWQUAY,10.20.224.229
334,REDRUTH,10.11.222.229
335,TAUNTON,10.240.18.229
339,TOTNES,10.240.48.229
342,WINCANTON (SOUTHGATE ROAD),10.11.236.229
343,YATE,10.20.180.229
346,BRACKNELL,10.240.86.229
352,GOSPORT,10.241.44.229
353,HASTINGS,10.28.212.229
354,HORNDEAN,10.241.10.229
358,PORTSMOUTH (ANCHORAGE PARK),10.241.38.229
360,REIGATE,10.11.210.229
361,LAKE IOW,10.20.228.229
364,TOTTON,10.27.202.229
368,HOLBROOK,10.27.10.229
372,MINEHEAD,10.240.124.229
374,CROSSMYLOOF,10.20.202.229
377,MANCHESTER PICADILLY GARDENS,10.12.246.229
383,CHORLTON CUM HARDY,10.28.214.229
384,KIRKHAM,10.27.182.229
385,CATTON,10.12.90.229
387,LUTTERWORTH,10.27.196.229
389,SOUTH SHIELDS,10.11.242.229
391,OPENSHAW,10.240.76.229
392,CONGLETON,10.11.188.229
394,BAMBER BRIDGE,10.19.100.229
399,SHIRLEY,10.20.212.229
402,HERNE BAY,10.28.236.229
407,NEWPORT,10.12.204.229
411,WIMBLEDON,10.240.104.229
424,BOGNOR REGIS,10.241.60.229
429,FLEET,10.240.6.229
440,CONNAHS QUAY,10.12.50.229
442,WILLENHALL,10.240.8.229
447,WELLING,10.240.118.229
460,SHEFFIELD BROOMHILL,10.19.48.229
461,MANCHESTER GRAFTON STREET,10.241.148.229
482,CANVEY ISLAND,10.12.132.229
484,CHEADLE,10.12.164.229
499,KINGSBRIDGE,10.12.194.229
501,SWINDON REGENTS,10.11.28.229
511,WISBECH,10.12.214.229
512,KIRKBY IN ASHFIELD,10.12.216.229
520,FAVERSHAM,10.19.204.229
527,MITCHAM,10.19.176.229
540,OSWESTRY,10.12.184.229
583,BROUGH,10.11.196.229
633,SOUTHWARK,10.19.170.229
639,CRAWLEY,10.19.162.229
641,WORTHING,10.19.190.229
652,PORTH,10.12.174.229
693,GIFFNOCK,10.240.106.229
,,
,,
,New offline today:,19
,,
no,store,ip
33, DEWSBURY ROAD, 10.19.55.229
39, ROTHERHAM BRAMLEY, 10.19.65.229
50, STOKE, 10.27.75.229
56, SKIPTON, 10.12.115.229
60, CHORLEY, 10.28.10.229
77, WINSFORD, 10.28.45.229
79, HUDDERSFIELD, 10.12.135.229
123, DONCASTER, 10.20.65.229
145, DUNDEE, 10.241.64.229
158, CROWBOROUGH, 10.27.238.229
189, INVERURIE, 10.241.34.229
220, WEST KIRBY, 10.240.28.229
243, BURNTWOOD, 10.28.222.229
259, RUBERY, 10.240.66.229
324, FISHPONDS, 10.241.36.229
342, WINCANTON (SOUTHGATE ROAD), 10.11.236.229
394, BAMBER BRIDGE, 10.19.100.229
411, WIMBLEDON, 10.240.104.229
641, WORTHING, 10.19.190.229
,,
,,
,Back online today:,19
,,
no,store,ip
38, BLACKBURN, 10.27.50.229
48, NEWARK, 10.19.75.229
66, BLACKPOOL, 10.28.20.229
73, TAMWORTH, 10.28.35.229
82, BARRY, 10.28.75.229
91, BYKER, 10.12.35.229
122, CHEADLE HEATH, 10.28.60.229
197, STIRLING, 10.241.28.229
215, BREDBURY, 10.27.145.229
230, ACOMB, 10.240.34.229
238, GAMSTON, 10.240.40.229
256, NEWCASTLE-UNDER-LYME (GOOSE STREET), 10.20.184.229
261, SOLIHULL, 10.20.130.229
284, HADLEIGH, 10.27.206.229
288, PETERBOROUGH, 10.27.125.229
348, CHIPPENHAM, 10.28.130.229
379, LIVINGSTON (CARMONDEAN CENTRE), 10.20.178.229
409, BATHGATE, 10.12.206.229
474, CHESTER LE STREET, 10.240.74.229
